case_id,decision,sequence,owner
01,qualified,starter,sales_queue
02,qualified,starter,sales_queue
03,qualified,growth,sales_queue
04,qualified,growth,sales_queue
05,qualified,scale,sales_queue
06,qualified,scale,sales_queue
07,qualified,strategic,strategic_queue
08,qualified,strategic,strategic_queue
09,disqualified,none,none
10,manual_review,none,review_queue
11,manual_review,none,review_queue
12,manual_review,none,review_queue
13,manual_review,none,review_queue
14,manual_review,none,review_queue
15,manual_review,none,review_queue
16,manual_review,none,review_queue
17,duplicate_event,none,none
18,existing_contact,none,existing_owner
19,manual_review,none,review_queue
20,manual_review,none,review_queue
21,disqualified,none,none
22,qualified,starter,sales_queue
23,qualified,growth,sales_queue
24,qualified,scale,sales_queue
