case_id,event_id,email,decision,sequence,owner,reason
01,e01,lead01@example.com,qualified,starter,sales_queue,fit_passed_and_traffic_known
02,e02,lead02@example.com,qualified,starter,sales_queue,fit_passed_and_traffic_known
03,e03,lead03@example.com,qualified,growth,sales_queue,fit_passed_and_traffic_known
04,e04,lead04@example.com,qualified,growth,sales_queue,fit_passed_and_traffic_known
05,e05,lead05@example.com,qualified,scale,sales_queue,fit_passed_and_traffic_known
06,e06,lead06@example.com,qualified,scale,sales_queue,fit_passed_and_traffic_known
07,e07,lead07@example.com,qualified,strategic,strategic_queue,fit_passed_and_traffic_known
08,e08,lead08@example.com,qualified,strategic,strategic_queue,fit_passed_and_traffic_known
09,e09,lead09@example.com,disqualified,none,none,website_fit_failed
10,e10,lead10@example.com,manual_review,none,review_queue,unknown_or_invalid_enrichment
11,e11,lead11@example.com,manual_review,none,review_queue,unknown_or_invalid_enrichment
12,e12,lead12@example.com,manual_review,none,review_queue,unknown_or_invalid_enrichment
13,e13,lead13@example.com,manual_review,none,review_queue,unknown_or_invalid_enrichment
14,e14,,manual_review,none,review_queue,missing_or_invalid_identity
15,e15,invalid,manual_review,none,review_queue,missing_or_invalid_identity
16,e16,lead16@example.com,manual_review,none,review_queue,unsupported_source
17,e03,changed@example.com,duplicate_event,none,none,event_already_seen
18,e18,lead03@example.com,existing_contact,none,existing_owner,contact_already_seen
19,,lead19@example.com,manual_review,none,review_queue,missing_or_invalid_identity
20,e20,lead20@example.com,manual_review,none,review_queue,unknown_or_invalid_enrichment
21,e21,lead21@example.com,disqualified,none,none,website_fit_failed
22,e22,lead22@example.com,qualified,starter,sales_queue,fit_passed_and_traffic_known
23,e23,lead23@example.com,qualified,growth,sales_queue,fit_passed_and_traffic_known
24,e24,lead24@example.com,qualified,scale,sales_queue,fit_passed_and_traffic_known
